{
  "month": "2011-05",
  "total_articles": 82,
  "deep_topics_summary": [
    {
      "topic_id": 0,
      "topic_name": "US Federal Politics and Obama Administration",
      "core_keywords": ["Obama", "president", "government", "tax", "war", "Bush", "policy"],
      "importance_ratio": 0.4634
    },
    {
      "topic_id": 1,
      "topic_name": "Journalism and Privacy Policy Discussions",
      "core_keywords": ["journalism", "privacy", "tax", "budget", "subscribe", "policy"],
      "importance_ratio": 0.2317
    },
    {
      "topic_id": 2,
      "topic_name": "Wisconsin Labor Union and Political Movement",
      "core_keywords": ["labor union", "Wisconsin", "republican", "budget cut", "worker", "moral"],
      "importance_ratio": 0.0122
    },
    {
      "topic_id": 3,
      "topic_name": "State Healthcare and Abortion Policies",
      "core_keywords": ["healthcare", "abortion", "state law", "Romney", "Obama", "republican"],
      "importance_ratio": 0.1463
    },
    {
      "topic_id": 4,
      "topic_name": "Republican Tax and Budget Reforms",
      "core_keywords": ["tax", "republican", "budget cut", "Democrat", "state", "Ryan"],
      "importance_ratio": 0.1463
    }
  ]
}