{
  "month": "2011-10",
  "total_articles": 76,
  "topics_summary": [
    {
      "topic_id": 0,
      "topic_summary": "Liberal politics, public governance and social economy",
      "topic_keywords": ["liberal", "public", "government", "job", "democracy", "social"],
      "proportion": 2.63
    },
    {
      "topic_id": 1,
      "topic_summary": "Occupy Wall Street movement and protests",
      "topic_keywords": ["occupy", "wall street", "protester", "protest", "movement"],
      "proportion": 11.84
    },
    {
      "topic_id": 2,
      "topic_summary": "Tax policy and Republican political issues",
      "topic_keywords": ["tax", "republican", "policy", "obama", "economy", "job"],
      "proportion": 63.16
    },
    {
      "topic_id": 3,
      "topic_summary": "US-Iraq war and presidential politics",
      "topic_keywords": ["iraq", "war", "obama", "president", "republican", "troop"],
      "proportion": 18.42
    },
    {
      "topic_id": 4,
      "topic_summary": "Police and protester conflicts in Occupy protests",
      "topic_keywords": ["police", "protester", "arrest", "occupy", "nypd"],
      "proportion": 3.95
    }
  ]
}