{
  "month": "2011-03",
  "total_articles": 62,
  "deep_topics_summary": [
    {
      "topic_id": 0,
      "topic_name": "Republican Fiscal Policy and Labor Unions",
      "core_keywords": ["republican", "tax", "budget", "union", "state policy", "journalism"],
      "importance_ratio": 0.7258
    },
    {
      "topic_id": 1,
      "topic_name": "Israeli-Palestinian Conflict and State Budget Cuts",
      "core_keywords": ["Israel", "Palestine", "state budget", "spending cut", "military", "peace"],
      "importance_ratio": 0.0968
    },
    {
      "topic_id": 2,
      "topic_name": "US Military Intervention in Libya",
      "core_keywords": ["Libya", "military intervention", "war", "Obama", "Qaddafi", "government"],
      "importance_ratio": 0.1129
    },
    {
      "topic_id": 3,
      "topic_name": "Rural America Energy and Economic Issues",
      "core_keywords": ["rural America", "energy", "utility", "jobs", "election", "gas"],
      "importance_ratio": 0.0645
    },
    {
      "topic_id": 4,
      "topic_name": "Wisconsin Budget Cuts and Political Donations",
      "core_keywords": ["Wisconsin", "budget cut", "tax", "donation", "state policy", "story"],
      "importance_ratio": 0.0000
    }
  ]
}