{
  "month": "2012-08",
  "total_articles": 118,
  "topics": [
    {
      "topic_id": 0,
      "topic_summary": "Poverty and income inequality affecting families and children",
      "topic_words": ["poverty", "income", "family", "child", "job", "obama", "policy"],
      "proportion": 1.69
    },
    {
      "topic_id": 1,
      "topic_summary": "State-level public policies on voting rights and drug regulations",
      "topic_words": ["state", "voter", "law", "public", "drug", "policy", "political"],
      "proportion": 32.20
    },
    {
      "topic_id": 2,
      "topic_summary": "Romney and Ryan's Republican campaign against Obama",
      "topic_words": ["romney", "ryan", "obama", "republican", "tax", "president", "political"],
      "proportion": 59.32
    },
    {
      "topic_id": 3,
      "topic_summary": "Republican stance on abortion and rape-related controversies",
      "topic_words": ["republican", "abortion", "rape", "romney", "ryan", "woman", "gop"],
      "proportion": 5.08
    },
    {
      "topic_id": 4,
      "topic_summary": "Gun control debates and NRA's influence on policies",
      "topic_words": ["gun", "nra", "obama", "control", "law", "industry", "right"],
      "proportion": 1.69
    }
  ]
}