{
  "month": "2012-11",
  "total_articles": 102,
  "topics": [
    {
      "topic_id": 0,
      "topic_summary": "Tax Policy and Voter Rights in Election",
      "topic_words": ["tax", "election", "voter", "state", "revenue", "law", "republican", "obama"],
      "proportion": 16.67
    },
    {
      "topic_id": 1,
      "topic_summary": "Post-Election Political Landscape and Voting",
      "topic_words": ["obama", "romney", "republican", "vote", "president", "state", "campaign", "american"],
      "proportion": 55.88
    },
    {
      "topic_id": 2,
      "topic_summary": "Senate Filibuster and Abortion Legislation",
      "topic_words": ["filibuster", "senate", "abortion", "woman", "republican", "senator", "house", "reform"],
      "proportion": 6.86
    },
    {
      "topic_id": 3,
      "topic_summary": "Workers' Strikes and Corporate Issues",
      "topic_words": ["worker", "walmart", "strike", "union", "campaign", "company", "support", "mother jones"],
      "proportion": 19.61
    },
    {
      "topic_id": 4,
      "topic_summary": "State Legal Measures and Judicial Affairs",
      "topic_words": ["state", "parole", "law", "voter", "court", "governor", "amendment", "judicial"],
      "proportion": 0.98
    }
  ]
}