{
  "month": "2013-04",
  "total_articles": 109,
  "deep_topics_summary": [
    {
      "topic_id": 0,
      "topic_name": "Gun Policy and Public Privacy at State Level",
      "core_keywords": ["gun", "state", "law", "public", "privacy", "cut", "program", "house"],
      "importance_ratio": 0.3119
    },
    {
      "topic_id": 1,
      "topic_name": "Banking and Republican Voting Rights Policies",
      "core_keywords": ["bank", "republican", "voting", "foreclosure", "vote", "party", "regulator", "support"],
      "importance_ratio": 0.0275
    },
    {
      "topic_id": 2,
      "topic_name": "Obama and Conservative Political Movements",
      "core_keywords": ["obama", "president", "conservative", "american", "political", "bush", "climate", "state"],
      "importance_ratio": 0.3211
    },
    {
      "topic_id": 3,
      "topic_name": "Gay Marriage and Republican Social Policies",
      "core_keywords": ["gay marriage", "republican", "church", "privacy", "support", "policy", "corporation", "term"],
      "importance_ratio": 0.1835
    },
    {
      "topic_id": 4,
      "topic_name": "Disability and Household Economic Security",
      "core_keywords": ["disability", "social security", "wealth", "family", "state", "government", "bank", "child"],
      "importance_ratio": 0.1560
    }
  ]
}