{
  "month": "2013-08",
  "total_articles": 162,
  "deep_topics_summary": [
    {
      "topic_id": 0,
      "topic_name": "Economic Policy and Worker Welfare Issues",
      "core_keywords": ["wage", "worker", "health", "job", "economic", "insurance", "cost"],
      "importance_ratio": 0.1852
    },
    {
      "topic_id": 1,
      "topic_name": "Prosecutorial Misconduct and Legal Affairs",
      "core_keywords": ["prosecutor", "court", "misconduct", "evidence", "law", "attorney", "case"],
      "importance_ratio": 0.0802
    },
    {
      "topic_id": 2,
      "topic_name": "Child Care Workers and Labor Compensation",
      "core_keywords": ["child", "provider", "union", "pay", "care", "worker", "contract"],
      "importance_ratio": 0.0062
    },
    {
      "topic_id": 3,
      "topic_name": "Racial and Political Divides in US Politics",
      "core_keywords": ["obama", "republican", "black", "white", "conservative", "state", "political"],
      "importance_ratio": 0.5309
    },
    {
      "topic_id": 4,
      "topic_name": "Voting Rights and Prisoner Justice Issues",
      "core_keywords": ["voter", "right", "prison", "law", "state", "strike", "security"],
      "importance_ratio": 0.1975
    }
  ]
}