{
  "month": "2013-07",
  "total_articles": 150,
  "deep_topics_summary": [
    {
      "topic_id": 0,
      "topic_name": "Government Policy and Conservative Social Issues",
      "core_keywords": ["government", "conservative", "abortion", "law", "state", "republican", "court"],
      "importance_ratio": 0.6867
    },
    {
      "topic_id": 1,
      "topic_name": "Voting Rights and Southern State Politics",
      "core_keywords": ["voter", "voting", "right", "republican", "state", "house", "carolina"],
      "importance_ratio": 0.1267
    },
    {
      "topic_id": 2,
      "topic_name": "Military Interrogation and Prison Abuse Scandals",
      "core_keywords": ["military", "abuse", "interrogation", "prison", "intelligence", "scandal", "approval"],
      "importance_ratio": 0.0067
    },
    {
      "topic_id": 3,
      "topic_name": "Racial Tensions and Zimmerman Verdict Fallout",
      "core_keywords": ["black", "white", "zimmerman", "community", "law", "obama", "senate"],
      "importance_ratio": 0.0533
    },
    {
      "topic_id": 4,
      "topic_name": "Energy and Economic Policy Issues",
      "core_keywords": ["energy", "oil", "economic", "job", "company", "food", "president"],
      "importance_ratio": 0.1267
    }
  ]
}