{
  "month": "2013-03",
  "total_articles": 95,
  "deep_topics_summary": [
    {
      "topic_id": 0,
      "topic_name": "Obama Administration and Government Policy Debates",
      "core_keywords": ["obama", "president", "government", "policy", "american", "bank", "drone", "house"],
      "importance_ratio": 0.2526
    },
    {
      "topic_id": 1,
      "topic_name": "Immigration and Political Party Prison Policies",
      "core_keywords": ["immigration", "republican", "democrat", "prison", "obama", "house", "party", "american"],
      "importance_ratio": 0.1684
    },
    {
      "topic_id": 2,
      "topic_name": "State and Local Paid Sick Leave Legislation",
      "core_keywords": ["paid sick leave", "state", "local", "law", "legislation", "business", "city", "wisconsin"],
      "importance_ratio": 0.0421
    },
    {
      "topic_id": 3,
      "topic_name": "Gun Control and State Law Amendments",
      "core_keywords": ["gun control", "state", "law", "amendment", "government", "right", "american", "vote"],
      "importance_ratio": 0.4211
    },
    {
      "topic_id": 4,
      "topic_name": "Fiscal Policy and Republican Budget Cuts",
      "core_keywords": ["budget", "tax", "republican", "cut", "deficit", "economic", "spending", "job"],
      "importance_ratio": 0.1158
    }
  ]
}