{
  "month": "2013-11",
  "total_articles": 180,
  "deep_topics_summary": [
    {
      "topic_id": 0,
      "topic_name": "Walmart Workers' Wages and Labor Conditions",
      "core_keywords": ["walmart", "worker", "wage", "labor", "job", "company", "store", "financial"],
      "importance_ratio": 0.0444
    },
    {
      "topic_id": 1,
      "topic_name": "Child Care Programs and State Subsidy Policies",
      "core_keywords": ["child", "care", "program", "subsidy", "state", "parent", "income", "report"],
      "importance_ratio": 0.0500
    },
    {
      "topic_id": 2,
      "topic_name": "Republican Opposition to Obama's Policy Agenda",
      "core_keywords": ["republican", "obama", "president", "policy", "tax", "public", "group", "student"],
      "importance_ratio": 0.3444
    },
    {
      "topic_id": 3,
      "topic_name": "Warehouse Workers' Labor Practices and Wage Issues",
      "core_keywords": ["warehouse", "worker", "wage", "job", "hour", "machine", "supervisor", "labor"],
      "importance_ratio": 0.0056
    },
    {
      "topic_id": 4,
      "topic_name": "Republican Challenges to Obamacare and Health Policies",
      "core_keywords": ["health", "insurance", "obama", "republican", "law", "plan", "care", "exchange"],
      "importance_ratio": 0.5556
    }
  ]
}