{
  "month": "2013-10",
  "total_articles": 246,
  "deep_topics_summary": [
    {
      "topic_id": 0,
      "topic_name": "Voting Rights and Healthcare Policy in US Federal Courts",
      "core_keywords": ["voter", "law", "health", "election", "federal", "court", "insurance", "state"],
      "importance_ratio": 0.0813
    },
    {
      "topic_id": 1,
      "topic_name": "Journalism and Policy Debates Around Government Shutdown",
      "core_keywords": ["story", "policy", "privacy", "journalism", "shutdown", "debt", "mother", "donation"],
      "importance_ratio": 0.1423
    },
    {
      "topic_id": 2,
      "topic_name": "Government Social Programs and Economic Security",
      "core_keywords": ["government", "program", "food", "social", "income", "economy", "family", "security"],
      "importance_ratio": 0.2805
    },
    {
      "topic_id": 3,
      "topic_name": "Republican-Led Government Shutdown and Debt Ceiling Dispute",
      "core_keywords": ["republican", "shutdown", "debt", "obama", "party", "government", "tea", "cruz"],
      "importance_ratio": 0.4878
    },
    {
      "topic_id": 4,
      "topic_name": "Private Prison Industry and Incarceration Issues",
      "core_keywords": ["prison", "private", "company", "prisoner", "jail", "contract", "facility", "phone"],
      "importance_ratio": 0.0081
    }
  ]
}