{
  "month": "2014-09",
  "total_articles": 131,
  "deep_topics_summary": [
    {
      "topic_id": 0,
      "topic_name": "US Political Parties and Economic Inequality",
      "core_keywords": ["democrat", "republican", "inequality", "economic", "voter", "campaign"],
      "importance_ratio": 0.0076
    },
    {
      "topic_id": 1,
      "topic_name": "Labor Rights and Wage Issues in US States",
      "core_keywords": ["wage", "worker", "state", "middle class", "job", "government"],
      "importance_ratio": 0.2824
    },
    {
      "topic_id": 2,
      "topic_name": "US Healthcare Reform and Spending",
      "core_keywords": ["health care", "spending", "cost", "affordable care act", "reform", "medical"],
      "importance_ratio": 0.0153
    },
    {
      "topic_id": 3,
      "topic_name": "Wealth Inequality and Tax Policy in US",
      "core_keywords": ["tax", "inequality", "wealth", "poverty", "income", "percent"],
      "importance_ratio": 0.0153
    },
    {
      "topic_id": 4,
      "topic_name": "US Legal and Political News and Events",
      "core_keywords": ["law", "court", "obama", "state", "police", "history"],
      "importance_ratio": 0.6718
    }
  ]
}