{
  "month": "2014-02",
  "total_articles": 63,
  "deep_topics_summary": [
    {
      "topic_id": 0,
      "topic_name": "Climate Change and Energy Policy",
      "core_keywords": ["climate", "energy", "carbon", "oil", "coal", "pipeline", "emission"],
      "importance_ratio": 0.0952
    },
    {
      "topic_id": 1,
      "topic_name": "State Government and Political Donations",
      "core_keywords": ["state", "government", "tax", "donation", "group", "american", "support"],
      "importance_ratio": 0.1746
    },
    {
      "topic_id": 2,
      "topic_name": "Income Inequality and Minimum Wage Debate",
      "core_keywords": ["wage", "income", "inequality", "minimum", "job", "republican", "obamacare"],
      "importance_ratio": 0.3810
    },
    {
      "topic_id": 3,
      "topic_name": "Political Parties and Voting Rights",
      "core_keywords": ["state", "voting", "party", "right", "law", "democratic", "republican"],
      "importance_ratio": 0.1905
    },
    {
      "topic_id": 4,
      "topic_name": "Republican Politics and Social Issues",
      "core_keywords": ["republican", "religious", "immigration", "gay", "obama", "president", "liberty"],
      "importance_ratio": 0.1587
    }
  ]
}