{
  "month": "2014-10",
  "total_articles": 138,
  "deep_topics_summary": [
    {
      "topic_id": 0,
      "topic_name": "Voter ID Laws and Voting Rights in Texas",
      "core_keywords": ["voter", "voting law", "texas", "court", "fraud", "hispanic"],
      "importance_ratio": 0.0507
    },
    {
      "topic_id": 1,
      "topic_name": "US Midterm Elections and Political Parties",
      "core_keywords": ["republican", "democrat", "voter", "election", "senate", "obama"],
      "importance_ratio": 0.2319
    },
    {
      "topic_id": 2,
      "topic_name": "Ebola Outbreak and US Healthcare Insurance",
      "core_keywords": ["ebola", "health care", "insurance", "affordable care act", "uninsured", "state"],
      "importance_ratio": 0.1014
    },
    {
      "topic_id": 3,
      "topic_name": "Online Threats and Campaign-related Issues",
      "core_keywords": ["woman", "threat", "campaign", "comment", "online", "attack"],
      "importance_ratio": 0.3768
    },
    {
      "topic_id": 4,
      "topic_name": "Workers' Wages and Economic Policies",
      "core_keywords": ["worker", "wage", "tax", "job", "economic", "benefit"],
      "importance_ratio": 0.2391
    }
  ]
}