{
  "month": "2014-05",
  "total_articles": 84,
  "deep_topics_summary": [
    {
      "topic_id": 0,
      "topic_name": "US Political Figures and Conservative Policies",
      "core_keywords": ["clinton", "obama", "republican", "conservative", "policy", "president", "american"],
      "importance_ratio": 0.4286
    },
    {
      "topic_id": 1,
      "topic_name": "US Election and Voter-Related Issues",
      "core_keywords": ["voter", "election", "republican", "democrat", "vote", "campaign", "law"],
      "importance_ratio": 0.2976
    },
    {
      "topic_id": 2,
      "topic_name": "Government Surveillance and Classified Documents",
      "core_keywords": ["government", "surveillance", "document", "secret", "intelligence", "court", "state"],
      "importance_ratio": 0.0119
    },
    {
      "topic_id": 3,
      "topic_name": "Islam, Public Education and Social Issues",
      "core_keywords": ["muslim", "islam", "school", "common core", "public", "woman", "state"],
      "importance_ratio": 0.1071
    },
    {
      "topic_id": 4,
      "topic_name": "Welfare, Minority and Conservative Values",
      "core_keywords": ["welfare", "poor", "minority", "conservative", "government", "state", "american"],
      "importance_ratio": 0.1548
    }
  ]
}