{
  "month": "2014-07",
  "total_articles": 125,
  "deep_topics_summary": [
    {
      "topic_id": 0,
      "topic_name": "Civil Rights and Educational Movements",
      "core_keywords": ["school", "student", "movement", "koch", "class", "century", "mississippi"],
      "importance_ratio": 0.0640
    },
    {
      "topic_id": 1,
      "topic_name": "Supreme Court Rulings and Corporate Law",
      "core_keywords": ["court", "law", "tax", "corporation", "religious", "ruling", "government"],
      "importance_ratio": 0.2240
    },
    {
      "topic_id": 2,
      "topic_name": "Civil Rights and Political Climate Issues",
      "core_keywords": ["martin luther king", "climate change", "vote", "nsa", "party", "sander", "communist"],
      "importance_ratio": 0.1200
    },
    {
      "topic_id": 3,
      "topic_name": "US Political Parties and Electoral Politics",
      "core_keywords": ["republican", "democrat", "obama", "state", "president", "house", "israel"],
      "importance_ratio": 0.2080
    },
    {
      "topic_id": 4,
      "topic_name": "Economic Policy and Poverty in America",
      "core_keywords": ["income", "poverty", "job", "government", "state", "public", "family"],
      "importance_ratio": 0.3840
    }
  ]
}