{
  "month": "2014-08",
  "total_articles": 97,
  "deep_topics_summary": [
    {
      "topic_id": 0,
      "topic_name": "Election Laws and Voter Fraud Debates",
      "core_keywords": ["voter", "election", "law", "republican", "vote", "court", "fraud"],
      "importance_ratio": 0.2165
    },
    {
      "topic_id": 1,
      "topic_name": "Tax Policies and Political Party Dynamics",
      "core_keywords": ["tax", "income", "republican", "democrat", "percent", "corporate", "policy"],
      "importance_ratio": 0.1443
    },
    {
      "topic_id": 2,
      "topic_name": "Racial Issues and Border Politics",
      "core_keywords": ["black", "white", "university", "border", "student", "president", "state"],
      "importance_ratio": 0.1856
    },
    {
      "topic_id": 3,
      "topic_name": "Ferguson Protests and Militarized Police",
      "core_keywords": ["ferguson", "police", "military", "black", "swat", "gas", "department"],
      "importance_ratio": 0.0206
    },
    {
      "topic_id": 4,
      "topic_name": "Workers' Rights and Public Policy",
      "core_keywords": ["worker", "public", "police", "pension", "school", "government", "law"],
      "importance_ratio": 0.4330
    }
  ]
}