{
  "month": "2014-11",
  "total_articles": 97,
  "deep_topics_summary": [
    {
      "topic_id": 0,
      "topic_name": "US Senate Elections and Political Parties",
      "core_keywords": ["democrat", "republican", "election", "senate", "candidate", "voter"],
      "importance_ratio": 0.1959
    },
    {
      "topic_id": 1,
      "topic_name": "Money in US Politics and Democracy",
      "core_keywords": ["money", "democracy", "campaign", "vote", "obama", "state"],
      "importance_ratio": 0.0103
    },
    {
      "topic_id": 2,
      "topic_name": "McConnell's Ties and China-related Issues",
      "core_keywords": ["mcconnell", "china", "law", "marijuana", "coal", "gift"],
      "importance_ratio": 0.0103
    },
    {
      "topic_id": 3,
      "topic_name": "US Political Policies and Voter Rights",
      "core_keywords": ["obama", "republican", "democrat", "state", "policy", "voter"],
      "importance_ratio": 0.7732
    },
    {
      "topic_id": 4,
      "topic_name": "2014 Midterm Election Results in Alaska",
      "core_keywords": ["begich", "republican", "democrat", "obama", "alaska", "win"],
      "importance_ratio": 0.0103
    }
  ]
}