{
  "month": "2014-03",
  "total_articles": 125,
  "deep_topics_summary": [
    {
      "topic_id": 0,
      "topic_name": "Workers' Welfare and Tax Policy",
      "core_keywords": ["worker", "tax", "wage", "income", "poverty", "eitc", "family"],
      "importance_ratio": 0.2400
    },
    {
      "topic_id": 1,
      "topic_name": "Obamacare and Health Insurance Debates",
      "core_keywords": ["obamacare", "health", "insurance", "law", "koch", "marriage", "state"],
      "importance_ratio": 0.1280
    },
    {
      "topic_id": 2,
      "topic_name": "Unemployment and Job Market Issues",
      "core_keywords": ["job", "unemployed", "work", "driver", "company", "wealth", "long-term"],
      "importance_ratio": 0.0400
    },
    {
      "topic_id": 3,
      "topic_name": "Political Ideology and Government Policy",
      "core_keywords": ["obama", "state", "american", "government", "right-wing", "policy", "public"],
      "importance_ratio": 0.5840
    },
    {
      "topic_id": 4,
      "topic_name": "Legal Issues and Financial Penalties",
      "core_keywords": ["court", "jail", "fine", "company", "pay", "case", "fee"],
      "importance_ratio": 0.0080
    }
  ]
}