{
  "month": "2014-06",
  "total_articles": 118,
  "deep_topics_summary": [
    {
      "topic_id": 0,
      "topic_name": "Higher Education and Student Debt Issues",
      "core_keywords": ["student", "education", "college", "loan", "debt", "government", "obama"],
      "importance_ratio": 0.1441
    },
    {
      "topic_id": 1,
      "topic_name": "US Foreign Policy and Political Figures",
      "core_keywords": ["foreign policy", "iraq", "war", "obama", "clinton", "president", "state"],
      "importance_ratio": 0.2712
    },
    {
      "topic_id": 2,
      "topic_name": "Income Inequality and Wage Policies",
      "core_keywords": ["minimum wage", "income", "ceo", "pay", "worker", "school", "percent"],
      "importance_ratio": 0.1186
    },
    {
      "topic_id": 3,
      "topic_name": "Libertarianism and Social Commentary",
      "core_keywords": ["libertarian", "libertarianism", "law", "human", "comment", "story", "free"],
      "importance_ratio": 0.0847
    },
    {
      "topic_id": 4,
      "topic_name": "Law, Health Care and Political Campaigns",
      "core_keywords": ["law", "court", "health care", "gun", "marriage", "union", "campaign"],
      "importance_ratio": 0.3797
    }
  ]
}