{
  "month": "2014-12",
  "total_articles": 82,
  "deep_topics_summary": [
    {
      "topic_id": 0,
      "topic_name": "US Primary Elections and Ballot Issues",
      "core_keywords": ["election", "democrat", "republican", "ballot", "vote", "primary"],
      "importance_ratio": 0.0244
    },
    {
      "topic_id": 1,
      "topic_name": "Republican Candidates and Minimum Wage",
      "core_keywords": ["republican", "bush", "romney", "minimum wage", "candidate", "state"],
      "importance_ratio": 0.0854
    },
    {
      "topic_id": 2,
      "topic_name": "Israel-Palestine Conflict and War Issues",
      "core_keywords": ["israel", "palestinian", "attack", "war", "afghanistan", "torture"],
      "importance_ratio": 0.1341
    },
    {
      "topic_id": 3,
      "topic_name": "Fox News and 2016 Presidential Election",
      "core_keywords": ["fox news", "clinton", "hillary", "public", "market", "hate"],
      "importance_ratio": 0.1829
    },
    {
      "topic_id": 4,
      "topic_name": "Racial Tensions and US Domestic Policies",
      "core_keywords": ["white", "black", "police", "health care", "government", "president"],
      "importance_ratio": 0.5732
    }
  ]
}