{
  "month": "2015-02",
  "total_articles": 203,
  "deep_topics_summary": [
    {
      "topic_id": 0,
      "topic_name": "Tax Policy and Labor Market Welfare",
      "core_keywords": ["tax", "income", "worker", "job", "pay", "union", "health"],
      "importance_ratio": 0.2167
    },
    {
      "topic_id": 1,
      "topic_name": "Immigration Policy and National Governance",
      "core_keywords": ["immigrant", "immigration", "border", "policy", "state", "government", "american"],
      "importance_ratio": 0.2759
    },
    {
      "topic_id": 2,
      "topic_name": "Social Justice and Law Enforcement Issues",
      "core_keywords": ["police", "law", "family", "child", "woman", "obama", "republican"],
      "importance_ratio": 0.2069
    },
    {
      "topic_id": 3,
      "topic_name": "Presidential Politics and Racial Discourse",
      "core_keywords": ["clinton", "obama", "president", "black", "white", "campaign", "america"],
      "importance_ratio": 0.2759
    },
    {
      "topic_id": 4,
      "topic_name": "International Conflict and Historical Reporting",
      "core_keywords": ["war", "massacre", "salvador", "story", "report", "book", "data"],
      "importance_ratio": 0.0246
    }
  ]
}