{
  "month": "2015-11",
  "total_articles": 341,
  "deep_topics_summary": [
    {
      "topic_id": 0,
      "topic_name": "Democratic Presidential Race (Clinton vs Sanders)",
      "core_keywords": ["clinton", "sander", "democratic", "campaign", "bernie", "election", "obama"],
      "importance_ratio": 0.1642
    },
    {
      "topic_id": 1,
      "topic_name": "Republican Tax and Economic Policy (Trump Focus)",
      "core_keywords": ["republican", "trump", "tax", "american", "company", "policy", "state"],
      "importance_ratio": 0.3842
    },
    {
      "topic_id": 2,
      "topic_name": "Gun Laws and Racial Justice in Legal Cases",
      "core_keywords": ["gun", "black", "white", "law", "court", "justice", "obama"],
      "importance_ratio": 0.1378
    },
    {
      "topic_id": 3,
      "topic_name": "Ben Carson's Campaign and Legal Controversies",
      "core_keywords": ["carson", "ben", "campaign", "court", "arbitration", "school", "case"],
      "importance_ratio": 0.0704
    },
    {
      "topic_id": 4,
      "topic_name": "Refugee Crisis and Violent Attacks in America",
      "core_keywords": ["refugee", "isi", "police", "attack", "syrian", "american", "gun"],
      "importance_ratio": 0.2434
    }
  ]
}