{
  "month": "2015-12",
  "total_articles": 399,
  "deep_topics_summary": [
    {
      "topic_id": 0,
      "topic_name": "Supreme Court Cases on Abortion and Arbitration Law",
      "core_keywords": ["court", "law", "abortion", "planned", "parenthood", "arbitration", "state"],
      "importance_ratio": 0.1378
    },
    {
      "topic_id": 1,
      "topic_name": "Racial Justice and Federal Reserve/Police Issues",
      "core_keywords": ["police", "black", "federal", "bank", "chicago", "officer", "city"],
      "importance_ratio": 0.0175
    },
    {
      "topic_id": 2,
      "topic_name": "Gun Violence and Terrorist Attacks in America",
      "core_keywords": ["gun", "violence", "attack", "terrorist", "obama", "american", "muslim"],
      "importance_ratio": 0.4060
    },
    {
      "topic_id": 3,
      "topic_name": "Tax Policy and Working-Class Poverty in America",
      "core_keywords": ["tax", "family", "wage", "poverty", "american", "government", "social"],
      "importance_ratio": 0.1128
    },
    {
      "topic_id": 4,
      "topic_name": "2016 Presidential Campaign (Trump, Clinton, Sanders)",
      "core_keywords": ["trump", "clinton", "sander", "campaign", "republican", "poll", "voter"],
      "importance_ratio": 0.3258
    }
  ]
}