{
  "month": "2015-06",
  "total_articles": 289,
  "deep_topics_summary": [
    {
      "topic_id": 0,
      "topic_name": "US Labor and Economic Policy Issues",
      "core_keywords": ["wage", "tax", "income", "worker", "policy", "pay", "percent"],
      "importance_ratio": 0.3218
    },
    {
      "topic_id": 1,
      "topic_name": "US Foreign Policy on Syria and Russia",
      "core_keywords": ["syria", "war", "obama", "russia", "administration", "syrian", "territory"],
      "importance_ratio": 0.0450
    },
    {
      "topic_id": 2,
      "topic_name": "2016 Democratic Presidential Primary Campaigns",
      "core_keywords": ["clinton", "sander", "democratic", "campaign", "candidate", "vote", "bernie"],
      "importance_ratio": 0.2284
    },
    {
      "topic_id": 3,
      "topic_name": "US Social Issues: Gun Law and Racial Justice",
      "core_keywords": ["gun", "law", "court", "black", "white", "marriage", "right"],
      "importance_ratio": 0.4014
    },
    {
      "topic_id": 4,
      "topic_name": "Bernie Sanders' Socialist Political Platform",
      "core_keywords": ["sander", "socialist", "free college", "gun", "democrat", "hillary", "president"],
      "importance_ratio": 0.0035
    }
  ]
}