{
  "month": "2015-04",
  "total_articles": 244,
  "deep_topics_summary": [
    {
      "topic_id": 0,
      "topic_name": "2016 Presidential Election and Party Politics",
      "core_keywords": ["clinton", "obama", "president", "democratic", "republican", "campaign", "candidate"],
      "importance_ratio": 0.2787
    },
    {
      "topic_id": 1,
      "topic_name": "Social Equality and Legal Rights",
      "core_keywords": ["law", "gay", "marriage", "right", "court", "democracy", "woman"],
      "importance_ratio": 0.2008
    },
    {
      "topic_id": 2,
      "topic_name": "Racial Justice and Police Accountability",
      "core_keywords": ["police", "black", "baltimore", "officer", "city", "american", "state"],
      "importance_ratio": 0.2213
    },
    {
      "topic_id": 3,
      "topic_name": "Fiscal Policy and Tax Reform Debates",
      "core_keywords": ["tax", "money", "government", "republican", "percent", "policy", "million"],
      "importance_ratio": 0.2500
    },
    {
      "topic_id": 4,
      "topic_name": "Labor Wages and Trade Policy",
      "core_keywords": ["trade", "wage", "worker", "income", "tpp", "economic", "minimum"],
      "importance_ratio": 0.0492
    }
  ]
}