{
  "month": "2015-08",
  "total_articles": 308,
  "deep_topics_summary": [
    {
      "topic_id": 0,
      "topic_name": "US Gun Policy and Iran Nuclear Deal",
      "core_keywords": ["gun", "iran", "obama", "black", "police", "law", "american"],
      "importance_ratio": 0.2662
    },
    {
      "topic_id": 1,
      "topic_name": "2016 US Presidential Election and Marijuana Policy",
      "core_keywords": ["clinton", "marijuana", "democratic", "voter", "hillary", "sander", "campaign"],
      "importance_ratio": 0.2597
    },
    {
      "topic_id": 2,
      "topic_name": "US Economic and Immigration Policy Issues",
      "core_keywords": ["worker", "tax", "wage", "immigrant", "immigration", "student", "policy"],
      "importance_ratio": 0.1980
    },
    {
      "topic_id": 3,
      "topic_name": "Bernie Sanders' Progressive Political Movement",
      "core_keywords": ["sander", "campaign", "political", "bernie", "movement", "progressive", "donor"],
      "importance_ratio": 0.0032
    },
    {
      "topic_id": 4,
      "topic_name": "2016 Republican Presidential Primary Debates",
      "core_keywords": ["trump", "republican", "candidate", "debate", "bush", "gop", "planned parenthood"],
      "importance_ratio": 0.2727
    }
  ]
}