{
  "month": "2016-08",
  "total_articles": 230,
  "deep_topics_summary": [
    {
      "topic_id": 0,
      "topic_name": "US Legal System and Racial Justice",
      "core_keywords": ["state", "court", "law", "black", "police", "justice", "public"],
      "importance_ratio": 0.2087
    },
    {
      "topic_id": 1,
      "topic_name": "Trump vs Clinton Presidential Campaign",
      "core_keywords": ["trump", "clinton", "donald", "hillary", "campaign", "muslim", "republican"],
      "importance_ratio": 0.3913
    },
    {
      "topic_id": 2,
      "topic_name": "2016 Election Voting and Party Candidates",
      "core_keywords": ["party", "vote", "candidate", "election", "voter", "sander", "stein"],
      "importance_ratio": 0.1391
    },
    {
      "topic_id": 3,
      "topic_name": "Clinton's Foreign and Military Policy",
      "core_keywords": ["clinton", "policy", "president", "military", "obama", "russia", "government"],
      "importance_ratio": 0.1304
    },
    {
      "topic_id": 4,
      "topic_name": "2016 Election Polls and Voter Demographics",
      "core_keywords": ["state", "voter", "election", "poll", "percent", "democrat", "republican"],
      "importance_ratio": 0.1304
    }
  ]
}