{
  "month": "2016-11",
  "total_articles": 329,
  "deep_topics_summary": [
    {
      "topic_id": 0,
      "topic_name": "Trump's Presidential Election and Media Coverage",
      "core_keywords": ["trump", "election", "clinton", "president", "news", "campaign", "donald"],
      "importance_ratio": 0.3435
    },
    {
      "topic_id": 1,
      "topic_name": "Political Parties and Post-Election Policy Planning",
      "core_keywords": ["party", "trump", "republican", "democrat", "policy", "senate", "house"],
      "importance_ratio": 0.2462
    },
    {
      "topic_id": 2,
      "topic_name": "Election Voting and Poll Analysis",
      "core_keywords": ["state", "vote", "election", "voter", "poll", "ballot", "percent"],
      "importance_ratio": 0.0760
    },
    {
      "topic_id": 3,
      "topic_name": "Trump's Presidency and American Social Policies",
      "core_keywords": ["trump", "american", "president", "law", "government", "right", "state"],
      "importance_ratio": 0.2584
    },
    {
      "topic_id": 4,
      "topic_name": "Election Results and Voter Demographics",
      "core_keywords": ["election", "vote", "trump", "clinton", "obama", "electoral", "voter"],
      "importance_ratio": 0.0760
    }
  ]
}