{
  "month": "2016-07",
  "total_articles": 247,
  "deep_topics_summary": [
    {
      "topic_id": 0,
      "topic_name": "Trump's Republican Presidential Campaign",
      "core_keywords": ["trump", "donald", "republican", "president", "party", "latino", "campaign"],
      "importance_ratio": 0.3644
    },
    {
      "topic_id": 1,
      "topic_name": "US Judicial System and Racial Justice",
      "core_keywords": ["court", "police", "justice", "law", "black", "woman", "supreme court"],
      "importance_ratio": 0.1943
    },
    {
      "topic_id": 2,
      "topic_name": "Democratic Convention and Clinton-Sanders Race",
      "core_keywords": ["clinton", "sander", "hillary", "convention", "democratic", "party", "email"],
      "importance_ratio": 0.3198
    },
    {
      "topic_id": 3,
      "topic_name": "US Labor Rights and Prison Reform",
      "core_keywords": ["labor", "worker", "union", "prisoner", "law", "local", "movement"],
      "importance_ratio": 0.0486
    },
    {
      "topic_id": 4,
      "topic_name": "Trump's Business and Economic Policy",
      "core_keywords": ["trump", "company", "job", "american", "mexico", "business", "money"],
      "importance_ratio": 0.0729
    }
  ]
}