{
  "month": "2016-01",
  "total_articles": 417,
  "deep_topics_summary": [
    {
      "topic_id": 0,
      "topic_name": "US Federal and State Legal and Governmental Issues",
      "core_keywords": ["federal", "state", "law", "government", "court", "police", "case"],
      "importance_ratio": 0.3237
    },
    {
      "topic_id": 1,
      "topic_name": "Obama Administration and Healthcare Policy",
      "core_keywords": ["obama", "obamacare", "health", "tax", "insurance", "care", "wage"],
      "importance_ratio": 0.1487
    },
    {
      "topic_id": 2,
      "topic_name": "Democratic Presidential Primary Campaign",
      "core_keywords": ["clinton", "sander", "campaign", "democratic", "candidate", "voter", "iowa"],
      "importance_ratio": 0.3717
    },
    {
      "topic_id": 3,
      "topic_name": "Women's Rights and Social Issues in America",
      "core_keywords": ["woman", "american", "child", "right", "democracy", "government", "life"],
      "importance_ratio": 0.0384
    },
    {
      "topic_id": 4,
      "topic_name": "Republican Presidential Campaign and Candidates",
      "core_keywords": ["trump", "republican", "candidate", "campaign", "bush", "cruz", "gop"],
      "importance_ratio": 0.1179
    }
  ]
}