{
  "month": "2016-05",
  "total_articles": 286,
  "deep_topics_summary": [
    {
      "topic_id": 0,
      "topic_name": "US State Politics and Voting Rights",
      "core_keywords": ["state", "vote", "law", "democratic", "republican", "voting", "party"],
      "importance_ratio": 0.0804
    },
    {
      "topic_id": 1,
      "topic_name": "Trump and Clinton's Presidential Campaign Policies",
      "core_keywords": ["trump", "clinton", "president", "american", "woman", "policy", "hillary"],
      "importance_ratio": 0.5035
    },
    {
      "topic_id": 2,
      "topic_name": "2016 US Election Campaign and Party Politics",
      "core_keywords": ["trump", "clinton", "sander", "party", "republican", "campaign", "election"],
      "importance_ratio": 0.3287
    },
    {
      "topic_id": 3,
      "topic_name": "US Global Power and Liberal Social Issues",
      "core_keywords": ["liberal", "american", "war", "power", "black", "working class", "global"],
      "importance_ratio": 0.0315
    },
    {
      "topic_id": 4,
      "topic_name": "Trump's Stance on Islam and US Foreign Policy",
      "core_keywords": ["trump", "obama", "muslim", "president", "war", "refugee", "america"],
      "importance_ratio": 0.0559
    }
  ]
}