{
  "month": "2016-10",
  "total_articles": 326,
  "deep_topics_summary": [
    {
      "topic_id": 0,
      "topic_name": "Voting Rights and Election Laws",
      "core_keywords": ["voter", "election", "vote", "law", "poll", "ballot", "state"],
      "importance_ratio": 0.0828
    },
    {
      "topic_id": 1,
      "topic_name": "Trump vs Clinton Presidential Campaign Dynamics",
      "core_keywords": ["trump", "clinton", "campaign", "republican", "candidate", "election", "presidential"],
      "importance_ratio": 0.3067
    },
    {
      "topic_id": 2,
      "topic_name": "American Community and Social Issues",
      "core_keywords": ["american", "community", "police", "right", "school", "state", "democrat"],
      "importance_ratio": 0.0828
    },
    {
      "topic_id": 3,
      "topic_name": "Trump's Controversies and Campaign Narratives",
      "core_keywords": ["trump", "clinton", "woman", "donald", "campaign", "president", "political"],
      "importance_ratio": 0.3497
    },
    {
      "topic_id": 4,
      "topic_name": "Tax Policy and Government Regulation",
      "core_keywords": ["tax", "policy", "government", "health", "law", "trade", "state"],
      "importance_ratio": 0.1779
    }
  ]
}