{
  "month": "2017-01",
  "total_articles": 301,
  "deep_topics_summary": [
    {
      "topic_id": 0,
      "topic_name": "Social Movements and Domestic Social Issues in US",
      "core_keywords": ["american", "woman", "health", "gay", "movement", "political", "white"],
      "importance_ratio": 0.2591
    },
    {
      "topic_id": 1,
      "topic_name": "2017 US Presidential Election and Party Politics",
      "core_keywords": ["democrat", "republican", "clinton", "trump", "election", "vote", "campaign"],
      "importance_ratio": 0.0797
    },
    {
      "topic_id": 2,
      "topic_name": "State Policy and Public Welfare Issues",
      "core_keywords": ["state", "tax", "school", "education", "worker", "family", "public"],
      "importance_ratio": 0.1029
    },
    {
      "topic_id": 3,
      "topic_name": "New York City Governance and Urban Issues",
      "core_keywords": ["blasio", "mayor", "city", "police", "housing", "crime", "income"],
      "importance_ratio": 0.0100
    },
    {
      "topic_id": 4,
      "topic_name": "Trump Administration and National Policy",
      "core_keywords": ["trump", "president", "executive", "muslim", "state", "american", "administration"],
      "importance_ratio": 0.5482
    }
  ]
}