{
  "month": "2017-11",
  "total_articles": 179,
  "deep_topics_summary": [
    {
      "topic_id": 0,
      "topic_name": "Media Coverage of Trump and CFPB Policy",
      "core_keywords": ["trump", "media", "cfpb", "woman", "agency", "news", "white house"],
      "importance_ratio": 0.2346
    },
    {
      "topic_id": 1,
      "topic_name": "Trump's Presidency and Republican Political Agenda",
      "core_keywords": ["trump", "republican", "president", "senate", "democrat", "policy", "american"],
      "importance_ratio": 0.1955
    },
    {
      "topic_id": 2,
      "topic_name": "Republican Tax Cut Plan and Corporate Policies",
      "core_keywords": ["tax", "cut", "republican", "corporate", "income", "rate", "senate"],
      "importance_ratio": 0.2011
    },
    {
      "topic_id": 3,
      "topic_name": "US Election Politics and Racial Voter Dynamics",
      "core_keywords": ["trump", "voter", "republican", "democrat", "election", "black", "white house"],
      "importance_ratio": 0.1955
    },
    {
      "topic_id": 4,
      "topic_name": "Mueller Investigation into Trump-Russia Campaign Links",
      "core_keywords": ["trump", "russia", "mueller", "campaign", "investigation", "election", "president"],
      "importance_ratio": 0.1732
    }
  ]
}