{
  "month": "2017-07",
  "total_articles": 271,
  "deep_topics_summary": [
    {
      "topic_id": 0,
      "topic_name": "Trump and Russian Election Interference Controversy",
      "core_keywords": ["trump", "president", "russian", "election", "white house", "republican", "campaign"],
      "importance_ratio": 0.2436
    },
    {
      "topic_id": 1,
      "topic_name": "Republican Healthcare and Economic Tax Policies",
      "core_keywords": ["health care", "republican", "tax", "state", "policy", "economic", "worker"],
      "importance_ratio": 0.2509
    },
    {
      "topic_id": 2,
      "topic_name": "US Public Opinion and Conservative Group Dynamics",
      "core_keywords": ["american", "trump", "conservative", "group", "support", "party", "woman"],
      "importance_ratio": 0.2325
    },
    {
      "topic_id": 3,
      "topic_name": "Voter Fraud and Election Rights in US States",
      "core_keywords": ["voter", "election", "kobach", "voting", "fraud", "state", "law"],
      "importance_ratio": 0.0443
    },
    {
      "topic_id": 4,
      "topic_name": "Trump Administration and State Governance Deals",
      "core_keywords": ["trump", "president", "administration", "state", "law", "government", "deal"],
      "importance_ratio": 0.2287
    }
  ]
}