{
  "month": "2017-04",
  "total_articles": 268,
  "deep_topics_summary": [
    {
      "topic_id": 0,
      "topic_name": "US Tax Policy and Government Program Issues",
      "core_keywords": ["tax", "government", "program", "school", "company", "state", "rule"],
      "importance_ratio": 0.1045
    },
    {
      "topic_id": 1,
      "topic_name": "Trump Administration and Russia-related News",
      "core_keywords": ["trump", "white house", "republican", "democrat", "russia", "press", "administration"],
      "importance_ratio": 0.3880
    },
    {
      "topic_id": 2,
      "topic_name": "US Military Action in Syria and National Security",
      "core_keywords": ["syria", "military", "attack", "strike", "assad", "force", "state"],
      "importance_ratio": 0.0373
    },
    {
      "topic_id": 3,
      "topic_name": "Federal Court Rulings on Trump's Policies",
      "core_keywords": ["court", "judge", "trump", "federal", "law", "order", "decision"],
      "importance_ratio": 0.0821
    },
    {
      "topic_id": 4,
      "topic_name": "Trump's Political Influence and US National Affairs",
      "core_keywords": ["trump", "president", "republican", "american", "state", "white house", "party"],
      "importance_ratio": 0.3880
    }
  ]
}