{
  "month": "2017-05",
  "total_articles": 310,
  "deep_topics_summary": [
    {
      "topic_id": 0,
      "topic_name": "Trump Administration and Russian Election Interference Investigation",
      "core_keywords": ["trump", "president", "russian", "election", "investigation", "comey", "white house"],
      "importance_ratio": 0.3419
    },
    {
      "topic_id": 1,
      "topic_name": "US Election and Voter Rights for Political Parties",
      "core_keywords": ["voter", "election", "democrat", "republican", "voting", "dnc", "court"],
      "importance_ratio": 0.1161
    },
    {
      "topic_id": 2,
      "topic_name": "US Healthcare Policy and Economic Tax Reform",
      "core_keywords": ["health care", "tax", "trump", "state", "insurance", "policy", "government"],
      "importance_ratio": 0.2613
    },
    {
      "topic_id": 3,
      "topic_name": "State Governance and Public Security Issues",
      "core_keywords": ["state", "law", "police", "government", "security", "public", "attack"],
      "importance_ratio": 0.1871
    },
    {
      "topic_id": 4,
      "topic_name": "Racial Discrimination and Social Justice Issues",
      "core_keywords": ["white", "black", "hate", "racist", "trump", "speech", "history"],
      "importance_ratio": 0.0936
    }
  ]
}