{
  "month": "2017-06",
  "total_articles": 272,
  "deep_topics_summary": [
    {
      "topic_id": 0,
      "topic_name": "US Political Landscape and Public Opinion on Trump",
      "core_keywords": ["trump", "political", "american", "news", "social", "support", "politics"],
      "importance_ratio": 0.1801
    },
    {
      "topic_id": 1,
      "topic_name": "Workers' Wages and Healthcare Insurance Policies",
      "core_keywords": ["minimum wage", "worker", "pay", "health care", "insurance", "labor", "rate"],
      "importance_ratio": 0.0551
    },
    {
      "topic_id": 2,
      "topic_name": "Trump Administration, Healthcare and Russia Probe",
      "core_keywords": ["trump", "president", "health care", "russia", "senate", "republican", "white house"],
      "importance_ratio": 0.2904
    },
    {
      "topic_id": 3,
      "topic_name": "State Governance and Public Social Rights",
      "core_keywords": ["state", "government", "law", "public", "student", "woman", "right"],
      "importance_ratio": 0.3309
    },
    {
      "topic_id": 4,
      "topic_name": "US Election Results and Political Party Competition",
      "core_keywords": ["election", "democrat", "republican", "voter", "trump", "clinton", "candidate"],
      "importance_ratio": 0.1435
    }
  ]
}