{
  "month": "2018-07",
  "total_articles": 159,
  "deep_topics_summary": [
    {
      "topic_id": 0,
      "topic_name": "Immigration Policy and Family Resource Issues in US",
      "core_keywords": ["child", "immigration", "family", "parent", "ice", "public", "american"],
      "importance_ratio": 0.0566
    },
    {
      "topic_id": 1,
      "topic_name": "US Election Integrity and Voter Rights Debates",
      "core_keywords": ["vote", "voter", "election", "republican", "democratic", "court", "state"],
      "importance_ratio": 0.2327
    },
    {
      "topic_id": 2,
      "topic_name": "US Income Inequality and Economic Data Analysis",
      "core_keywords": ["income", "tax", "data", "percent", "state", "growth", "national"],
      "importance_ratio": 0.0063
    },
    {
      "topic_id": 3,
      "topic_name": "Trump-Russia Investigation and Campaign Controversy",
      "core_keywords": ["trump", "russia", "putin", "election", "cohen", "investigation", "president"],
      "importance_ratio": 0.3145
    },
    {
      "topic_id": 4,
      "topic_name": "US Political Parties and Trump's Policy Agenda",
      "core_keywords": ["trump", "republican", "democratic", "state", "president", "policy", "american"],
      "importance_ratio": 0.3900
    }
  ]
}