{
  "month": "2018-11",
  "total_articles": 176,
  "deep_topics_summary": [
    {
      "topic_id": 0,
      "topic_name": "Racial and Political Discourse in America",
      "core_keywords": ["white", "black", "trump", "american", "court", "jewish", "amendment"],
      "importance_ratio": 0.0795
    },
    {
      "topic_id": 1,
      "topic_name": "Trump's Campaign and Mueller Investigation",
      "core_keywords": ["trump", "mueller", "manafort", "russian", "campaign", "court", "report"],
      "importance_ratio": 0.2330
    },
    {
      "topic_id": 2,
      "topic_name": "Trump's Administration and National Policies",
      "core_keywords": ["trump", "state", "government", "american", "administration", "report", "change"],
      "importance_ratio": 0.2784
    },
    {
      "topic_id": 3,
      "topic_name": "Election and Justice System Under Trump",
      "core_keywords": ["trump", "president", "election", "justice", "senate", "vote", "ballot"],
      "importance_ratio": 0.1705
    },
    {
      "topic_id": 4,
      "topic_name": "Midterm Elections: Parties and Voter Trends",
      "core_keywords": ["democrat", "republican", "voter", "election", "trump", "vote", "candidate"],
      "importance_ratio": 0.2386
    }
  ]
}