{
  "month": "2018-12",
  "total_articles": 131,
  "deep_topics_summary": [
    {
      "topic_id": 0,
      "topic_name": "Immigration and Political Ideology Under Trump",
      "core_keywords": ["trump", "immigration", "border", "democracy", "policy", "law", "liberal"],
      "importance_ratio": 0.0382
    },
    {
      "topic_id": 1,
      "topic_name": "Trump and Post-Midterm Election Politics",
      "core_keywords": ["trump", "republican", "democrat", "election", "president", "voter", "campaign"],
      "importance_ratio": 0.8626
    },
    {
      "topic_id": 2,
      "topic_name": "Workers' Economic Rights and Policies",
      "core_keywords": ["worker", "wage", "tax", "job", "income", "labor", "benefit"],
      "importance_ratio": 0.0382
    },
    {
      "topic_id": 3,
      "topic_name": "Trump and Christian Conservative Values",
      "core_keywords": ["trump", "christian", "value", "justice", "border", "child", "power"],
      "importance_ratio": 0.0076
    },
    {
      "topic_id": 4,
      "topic_name": "Economic Metrics and Healthcare Policies",
      "core_keywords": ["percent", "medicare", "trade", "deficit", "health", "spending", "china"],
      "importance_ratio": 0.0534
    }
  ]
}