{
  "month": "2018-04",
  "total_articles": 254,
  "deep_topics_summary": [
    {
      "topic_id": 0,
      "topic_name": "Trump and Mueller's Russia Investigation",
      "core_keywords": ["trump", "president", "mueller", "republican", "white house", "campaign", "comey"],
      "importance_ratio": 0.3189
    },
    {
      "topic_id": 1,
      "topic_name": "Trump's Legal Issues and Russian Connections",
      "core_keywords": ["cohen", "trump", "russian", "lawyer", "law", "information", "company"],
      "importance_ratio": 0.2756
    },
    {
      "topic_id": 2,
      "topic_name": "Republican Tax Policy and Election Regulation",
      "core_keywords": ["tax", "republican", "cut", "voter", "law", "state", "election"],
      "importance_ratio": 0.0906
    },
    {
      "topic_id": 3,
      "topic_name": "Racial Equality and Gun Violence Issues",
      "core_keywords": ["black", "woman", "gun", "police", "state", "school", "percent"],
      "importance_ratio": 0.1024
    },
    {
      "topic_id": 4,
      "topic_name": "Trump's Domestic Policy and American Jobs",
      "core_keywords": ["trump", "state", "government", "job", "american", "policy", "refugee"],
      "importance_ratio": 0.2126
    }
  ]
}