{
  "month": "2018-05",
  "total_articles": 185,
  "deep_topics_summary": [
    {
      "topic_id": 0,
      "topic_name": "Iran Nuclear Deal and US Sanctions Policy",
      "core_keywords": ["iran", "trump", "nuclear", "sanction", "deal", "economic", "state"],
      "importance_ratio": 0.1351
    },
    {
      "topic_id": 1,
      "topic_name": "Trump Administration and North Korea + Legal Investigations",
      "core_keywords": ["trump", "north korea", "cohen", "mueller", "law", "president", "border"],
      "importance_ratio": 0.2919
    },
    {
      "topic_id": 2,
      "topic_name": "US State Economic Policies and Labor Market",
      "core_keywords": ["state", "wage", "job", "economic", "tax", "union", "labor"],
      "importance_ratio": 0.0432
    },
    {
      "topic_id": 3,
      "topic_name": "Racial Issues and Social Politics in America",
      "core_keywords": ["black", "white", "american", "school", "political", "government", "country"],
      "importance_ratio": 0.1946
    },
    {
      "topic_id": 4,
      "topic_name": "US Midterm Elections and Trump's Political Support",
      "core_keywords": ["trump", "republican", "democrat", "election", "president", "house", "political"],
      "importance_ratio": 0.3351
    }
  ]
}