{
  "month": "2018-03",
  "total_articles": 215,
  "deep_topics_summary": [
    {
      "topic_id": 0,
      "topic_name": "US Election and Political Party Dynamics",
      "core_keywords": ["republican", "trump", "democrat", "state", "election", "voter", "party"],
      "importance_ratio": 0.2837
    },
    {
      "topic_id": 1,
      "topic_name": "Immigration and Labor Rights Movement",
      "core_keywords": ["immigration", "immigrant", "worker", "california", "labor", "law", "organizing"],
      "importance_ratio": 0.0233
    },
    {
      "topic_id": 2,
      "topic_name": "Social Media Data Privacy Scandal",
      "core_keywords": ["facebook", "data", "cambridge analytica", "news", "information", "twitter", "company"],
      "importance_ratio": 0.1070
    },
    {
      "topic_id": 3,
      "topic_name": "Trump Administration and Russia Probe Updates",
      "core_keywords": ["trump", "president", "white house", "russia", "official", "news", "house"],
      "importance_ratio": 0.4093
    },
    {
      "topic_id": 4,
      "topic_name": "Gun Violence and Education Policy",
      "core_keywords": ["gun", "school", "shooting", "wage", "teacher", "black", "worker"],
      "importance_ratio": 0.1767
    }
  ]
}