{
  "month": "2018-10",
  "total_articles": 216,
  "deep_topics_summary": [
    {
      "topic_id": 0,
      "topic_name": "Trump's Political Influence and International Issues",
      "core_keywords": ["trump", "president", "republican", "border", "saudi", "white house", "country"],
      "importance_ratio": 0.0926
    },
    {
      "topic_id": 1,
      "topic_name": "Kavanaugh's Supreme Court Nomination and FBI Probe",
      "core_keywords": ["kavanaugh", "supreme court", "ford", "woman", "senate", "fbi", "vote"],
      "importance_ratio": 0.2407
    },
    {
      "topic_id": 2,
      "topic_name": "Midterm Election Campaigns and Voter Dynamics",
      "core_keywords": ["election", "voter", "republican", "democrat", "candidate", "vote", "state"],
      "importance_ratio": 0.2037
    },
    {
      "topic_id": 3,
      "topic_name": "Trump's Administration and Domestic Governance",
      "core_keywords": ["trump", "american", "government", "state", "administration", "policy", "white"],
      "importance_ratio": 0.4259
    },
    {
      "topic_id": 4,
      "topic_name": "Trump's Tax and Family Business Scandals",
      "core_keywords": ["trump", "tax", "father", "estate", "million", "fraud", "business"],
      "importance_ratio": 0.0370
    }
  ]
}