{
  "month": "2018-02",
  "total_articles": 215,
  "deep_topics_summary": [
    {
      "topic_id": 0,
      "topic_name": "US Party Politics and Trump's Spending Policy",
      "core_keywords": ["trump", "republican", "democrat", "house", "spending", "election", "president"],
      "importance_ratio": 0.2419
    },
    {
      "topic_id": 1,
      "topic_name": "Racial Justice and Political Ideology Debate",
      "core_keywords": ["black", "american", "liberal", "conservative", "court", "justice", "state"],
      "importance_ratio": 0.1767
    },
    {
      "topic_id": 2,
      "topic_name": "Trump's Economic Policy and Infrastructure Plan",
      "core_keywords": ["trump", "state", "wage", "worker", "funding", "infrastructure", "federal"],
      "importance_ratio": 0.1023
    },
    {
      "topic_id": 3,
      "topic_name": "Trump-Russia Memo and FBI Investigation",
      "core_keywords": ["trump", "memo", "fbi", "russia", "intelligence", "house", "investigation"],
      "importance_ratio": 0.1395
    },
    {
      "topic_id": 4,
      "topic_name": "Gun Control and School Shooting Incidents",
      "core_keywords": ["gun", "school", "shooting", "nra", "trump", "state", "law"],
      "importance_ratio": 0.3395
    }
  ]
}