{
  "month": "2018-08",
  "total_articles": 175,
  "deep_topics_summary": [
    {
      "topic_id": 0,
      "topic_name": "US Midterm Elections and Political Party Dynamics",
      "core_keywords": ["republican", "democrat", "election", "voter", "vote", "state", "candidate"],
      "importance_ratio": 0.2057
    },
    {
      "topic_id": 1,
      "topic_name": "Trump's Legal Challenges and Campaign Finance Issues",
      "core_keywords": ["trump", "cohen", "court", "campaign", "manafort", "president", "federal"],
      "importance_ratio": 0.1371
    },
    {
      "topic_id": 2,
      "topic_name": "US Labor Market and Universal Basic Income Debate",
      "core_keywords": ["job", "income", "worker", "poverty", "pay", "government", "universal basic income"],
      "importance_ratio": 0.0800
    },
    {
      "topic_id": 3,
      "topic_name": "Trump, Russia Investigation and McCain's Legacy",
      "core_keywords": ["trump", "russia", "putin", "mccain", "election", "president", "republican"],
      "importance_ratio": 0.3543
    },
    {
      "topic_id": 4,
      "topic_name": "Racial Issues and Immigration Policy in America",
      "core_keywords": ["white", "black", "child", "immigration", "family", "american", "policy"],
      "importance_ratio": 0.2229
    }
  ]
}