{
  "month": "2019-09",
  "total_articles": 123,
  "deep_topics_summary": [
    {
      "topic_id": 0,
      "topic_name": "Trump's Impeachment and US Political Party Dynamics",
      "core_keywords": ["trump", "impeachment", "democrat", "republican", "political", "house", "ukraine"],
      "importance_ratio": 0.1382
    },
    {
      "topic_id": 1,
      "topic_name": "Trump Administration and Climate Policy",
      "core_keywords": ["trump", "president", "climate", "policy", "administration", "white house", "environment"],
      "importance_ratio": 0.4878
    },
    {
      "topic_id": 2,
      "topic_name": "Senior Citizens' Food Security and Poverty Issues",
      "core_keywords": ["senior", "food", "meal", "poverty", "program", "service", "american"],
      "importance_ratio": 0.0244
    },
    {
      "topic_id": 3,
      "topic_name": "Trump and US Judicial & Electoral Affairs",
      "core_keywords": ["trump", "court", "law", "state", "election", "senate", "government"],
      "importance_ratio": 0.1870
    },
    {
      "topic_id": 4,
      "topic_name": "2020 Election Candidates and Gun Violence",
      "core_keywords": ["warren", "biden", "gun", "candidate", "voter", "poll", "shooting"],
      "importance_ratio": 0.1626
    }
  ]
}