{
  "month": "2019-01",
  "total_articles": 139,
  "deep_topics_summary": [
    {
      "topic_id": 0,
      "topic_name": "US Political Polls and Partisan Voter Dynamics",
      "core_keywords": ["poll", "republican", "democrat", "voter", "trump", "president", "state"],
      "importance_ratio": 0.0432
    },
    {
      "topic_id": 1,
      "topic_name": "US-Mexico Border Security and Military Involvement",
      "core_keywords": ["border", "mexico", "military", "family", "child", "patrol", "government"],
      "importance_ratio": 0.0072
    },
    {
      "topic_id": 2,
      "topic_name": "Public Health and Environmental Protection Policies",
      "core_keywords": ["water", "chemical", "epa", "child", "gun", "healthcare", "republican"],
      "importance_ratio": 0.0576
    },
    {
      "topic_id": 3,
      "topic_name": "Social Justice and Climate Change Governance",
      "core_keywords": ["climate", "police", "justice", "poor", "community", "violence", "law"],
      "importance_ratio": 0.0360
    },
    {
      "topic_id": 4,
      "topic_name": "Trump Administration and Federal Government Shutdown",
      "core_keywords": ["trump", "president", "shutdown", "white house", "federal", "policy", "government"],
      "importance_ratio": 0.8560
    }
  ]
}