{
  "month": "2019-05",
  "total_articles": 130,
  "deep_topics_summary": [
    {
      "topic_id": 0,
      "topic_name": "2020 US Presidential Election Campaign and Candidates",
      "core_keywords": ["trump", "biden", "democrat", "republican", "candidate", "campaign", "vote"],
      "importance_ratio": 0.6000
    },
    {
      "topic_id": 1,
      "topic_name": "Trump Administration's Immigration Policy and Mueller Investigation",
      "core_keywords": ["trump", "immigration", "border", "mueller", "policy", "administration", "president"],
      "importance_ratio": 0.0923
    },
    {
      "topic_id": 2,
      "topic_name": "Socialism Debate and Domestic Social Issues in US",
      "core_keywords": ["socialism", "government", "housing", "income", "woman", "abortion", "state"],
      "importance_ratio": 0.2077
    },
    {
      "topic_id": 3,
      "topic_name": "Climate Change and Green New Deal Policy Proposals",
      "core_keywords": ["climate", "green deal", "emission", "energy", "warren", "carbon", "plan"],
      "importance_ratio": 0.0923
    },
    {
      "topic_id": 4,
      "topic_name": "US-Russia Relations and Election Interference Concerns",
      "core_keywords": ["trump", "putin", "russia", "election", "political", "influence", "american"],
      "importance_ratio": 0.0077
    }
  ]
}