{
  "month": "2019-12",
  "total_articles": 91,
  "deep_topics_summary": [
    {
      "topic_id": 0,
      "topic_name": "Trump's Impeachment Vote and Congressional Dynamics",
      "core_keywords": ["trump", "impeachment", "house", "senate", "republican", "democrat", "pelosi"],
      "importance_ratio": 0.4725
    },
    {
      "topic_id": 1,
      "topic_name": "US Social Security and Economic Policy",
      "core_keywords": ["social security", "tax", "retirement", "pension", "worker", "economic", "policy"],
      "importance_ratio": 0.1538
    },
    {
      "topic_id": 2,
      "topic_name": "Trump and DOJ Investigation Related to Mueller Report",
      "core_keywords": ["trump", "barr", "mueller", "justice department", "fbi", "investigation", "law"],
      "importance_ratio": 0.0440
    },
    {
      "topic_id": 3,
      "topic_name": "Trump's Political Influence and Global Affairs",
      "core_keywords": ["trump", "president", "political", "election", "american", "country", "campaign"],
      "importance_ratio": 0.3297
    },
    {
      "topic_id": 4,
      "topic_name": "2020 Democratic Candidates and Labor Policies",
      "core_keywords": ["sander", "buttigieg", "union", "tax", "social", "worker", "democratic"],
      "importance_ratio": 0.0000
    }
  ]
}