{
  "month": "2019-07",
  "total_articles": 158,
  "deep_topics_summary": [
    {
      "topic_id": 0,
      "topic_name": "Trump's Presidential Affairs and Russia Investigation",
      "core_keywords": ["trump", "mueller", "russia", "election", "president", "house", "republican"],
      "importance_ratio": 0.2215
    },
    {
      "topic_id": 1,
      "topic_name": "US Domestic Social Rights and Government Policies",
      "core_keywords": ["state", "child", "right", "family", "court", "government", "democrat"],
      "importance_ratio": 0.2595
    },
    {
      "topic_id": 2,
      "topic_name": "2020 Democratic Primary Polls and Candidates",
      "core_keywords": ["poll", "voter", "candidate", "biden", "sander", "democratic", "percent"],
      "importance_ratio": 0.2278
    },
    {
      "topic_id": 3,
      "topic_name": "Presidential Debate and Climate Policy Discussions",
      "core_keywords": ["debate", "climate", "trump", "biden", "president", "news", "group"],
      "importance_ratio": 0.0759
    },
    {
      "topic_id": 4,
      "topic_name": "Racial Issues and Trump's Controversial Remarks",
      "core_keywords": ["trump", "racism", "black", "white", "american", "nixon", "reagan"],
      "importance_ratio": 0.2152
    }
  ]
}