{
  "month": "2021-07",
  "total_articles": 185,
  "deep_topics_summary": [
    {
      "topic_id": 0,
      "topic_name": "US Domestic Policy on Economy and Labor",
      "core_keywords": ["state", "policy", "government", "worker", "company", "price", "drug"],
      "importance_ratio": 0.1568
    },
    {
      "topic_id": 1,
      "topic_name": "January 6 Capitol Riot Investigation and GOP Response",
      "core_keywords": ["capitol", "trump", "jan 6", "republican", "police", "attack", "committee"],
      "importance_ratio": 0.1622
    },
    {
      "topic_id": 2,
      "topic_name": "Congressional Hearings on Medicare and Constituent Advocacy",
      "core_keywords": ["house", "hearing", "medicare", "representative", "constituency", "action"],
      "importance_ratio": 0.0054
    },
    {
      "topic_id": 3,
      "topic_name": "Partisan Battles Over Voting Rights and Election Rules",
      "core_keywords": ["republican", "democrat", "voting", "election", "senate", "law", "biden"],
      "importance_ratio": 0.1892
    },
    {
      "topic_id": 4,
      "topic_name": "Trump's Influence and COVID-19 Vaccine Policy",
      "core_keywords": ["trump", "biden", "president", "vaccine", "covid", "election", "republican"],
      "importance_ratio": 0.4865
    }
  ]
}