{
  "month": "2021-05",
  "total_articles": 400,
  "deep_topics_summary": [
    {
      "topic_id": 0,
      "topic_name": "US Congress and Party Politics on Election Issues",
      "core_keywords": ["congress", "republican", "democrat", "election", "vote", "senate", "house"],
      "importance_ratio": 0.1100
    },
    {
      "topic_id": 1,
      "topic_name": "State-level Election and Voting Rights Legislation",
      "core_keywords": ["state", "election", "voting", "voter", "ballot", "law", "texas", "arizona"],
      "importance_ratio": 0.2675
    },
    {
      "topic_id": 2,
      "topic_name": "Trump and Biden Administration Investigations",
      "core_keywords": ["trump", "biden", "president", "investigation", "attorney", "police", "official"],
      "importance_ratio": 0.3975
    },
    {
      "topic_id": 3,
      "topic_name": "Republican Party Internal Dynamics and Trump's Influence",
      "core_keywords": ["trump", "republican", "party", "cheney", "election", "house"],
      "importance_ratio": 0.1650
    },
    {
      "topic_id": 4,
      "topic_name": "Israel-Palestine Conflict and US Foreign Policy",
      "core_keywords": ["israel", "palestinian", "military", "policy", "aid", "tax", "human"],
      "importance_ratio": 0.0600
    }
  ]
}